{
  "naive_bayes": {
    "accuracy": 0.7568378418920946,
    "precision": 0.7592751015244709,
    "recall": 0.7568378418920946,
    "f1": 0.6786713007387021
  },
  "svm": {
    "accuracy": 0.8135906795339767,
    "precision": 0.7894159661785988,
    "recall": 0.8135906795339767,
    "f1": 0.7970224134057643
  },
  "knn": {
    "accuracy": 0.7509375468773438,
    "precision": 0.6935747313983937,
    "recall": 0.7509375468773438,
    "f1": 0.7041726523156038
  },
  "decision_tree": {
    "accuracy": 0.6979348967448372,
    "precision": 0.6890708253046443,
    "recall": 0.6979348967448372,
    "f1": 0.6931580780709969
  }
}